-- phpMyAdmin SQL Dump
-- version 4.8.4
-- https://www.phpmyadmin.net/
--
-- 主机： 127.0.0.1:3306
-- 生成日期： 2019-07-25 15:19:42
-- 服务器版本： 5.7.24-log
-- PHP 版本： 7.2.14

SET SQL_MODE = "NO_AUTO_VALUE_ON_ZERO";
SET AUTOCOMMIT = 0;
START TRANSACTION;
SET time_zone = "+00:00";


/*!40101 SET @OLD_CHARACTER_SET_CLIENT=@@CHARACTER_SET_CLIENT */;
/*!40101 SET @OLD_CHARACTER_SET_RESULTS=@@CHARACTER_SET_RESULTS */;
/*!40101 SET @OLD_COLLATION_CONNECTION=@@COLLATION_CONNECTION */;
/*!40101 SET NAMES utf8mb4 */;

--
-- 数据库： `working`
--

-- --------------------------------------------------------

--
-- 表的结构 `w_dept`
--

DROP TABLE IF EXISTS `w_dept`;
CREATE TABLE IF NOT EXISTS `w_dept` (
  `deptno` varchar(10) NOT NULL,
  `deptname` varchar(20) NOT NULL,
  `name` varchar(10) NOT NULL,
  PRIMARY KEY (`deptno`)
) ENGINE=MyISAM AUTO_INCREMENT=58 DEFAULT CHARSET=utf8;

--
-- 转存表中的数据 `w_dept`
--

INSERT INTO `w_dept` (`deptno`, `deptname`, `name`) VALUES
('A10', '财务部', '张三'),
('A20', '研发部', '李四'),
('A30', '管理部', '王五');

-- --------------------------------------------------------

--
-- 表的结构 `w_emp`
--

DROP TABLE IF EXISTS `w_emp`;
CREATE TABLE IF NOT EXISTS `w_emp` (
  `empno` int(11) NOT NULL AUTO_INCREMENT,
  `ename` varchar(10) NOT NULL,
  `deptno` varchar(10) NOT NULL,
  `hiredate` date DEFAULT NULL,
  `grade` int(11) DEFAULT NULL,
  PRIMARY KEY (`empno`),
  KEY `deptno` (`deptno`)
) ENGINE=MyISAM AUTO_INCREMENT=2130 DEFAULT CHARSET=utf8;

--
-- 转存表中的数据 `w_emp`
--

INSERT INTO `w_emp` (`empno`, `ename`, `deptno`, `hiredate`, `grade`) VALUES
(1601, '刘一', 'A10', '2001-12-17', 2),
(1606, '赵六', 'A30', '2014-05-01', 1),
(1629, '吴九', 'A20', '2010-11-17', 3),
(1623, '郑十', 'A30', '2018-09-08', 4),
(1635, '钱多多', 'A20', '2015-12-03', 2),
(1630, '大锦鲤', 'A30', '2000-12-03', 1);

-- --------------------------------------------------------

--
-- 表的结构 `w_insign`
--

DROP TABLE IF EXISTS `w_insign`;
CREATE TABLE IF NOT EXISTS `w_insign` (
  `id` int(10) NOT NULL AUTO_INCREMENT,
  `empno` int(11) NOT NULL,
  `signdate` date DEFAULT NULL,
  `signtime` time NOT NULL,
  `status` varchar(10) DEFAULT NULL,
  PRIMARY KEY (`id`),
  KEY `empno` (`empno`)
) ENGINE=MyISAM AUTO_INCREMENT=78 DEFAULT CHARSET=utf8;

--
-- 转存表中的数据 `w_insign`
--

INSERT INTO `w_insign` (`id`, `empno`, `signdate`, `signtime`, `status`) VALUES
(27, 1601, '2019-06-27', '07:50:00', '到勤'),
(26, 1601, '2019-06-26', '07:50:00', '到勤'),
(24, 1601, '2019-06-24', '07:50:00', '到勤'),
(25, 1601, '2019-06-25', '07:50:00', '到勤'),
(1, 1601, '2019-06-01', '07:50:00', '到勤'),
(2, 1601, '2019-06-02', '07:50:00', '到勤'),
(3, 1601, '2019-06-03', '07:50:00', '到勤'),
(4, 1601, '2019-06-04', '08:02:00', '迟到'),
(5, 1601, '2019-06-05', '08:02:00', '迟到'),
(6, 1601, '2019-06-06', '08:02:00', '迟到'),
(7, 1601, '2019-06-07', '07:50:00', '到勤'),
(8, 1601, '2019-06-08', '07:50:00', '到勤'),
(9, 1601, '2019-06-09', '07:50:00', '到勤'),
(10, 1601, '2019-06-10', '08:20:00', '旷工'),
(11, 1601, '2019-06-11', '07:50:00', '到勤'),
(12, 1601, '2019-06-12', '07:50:00', '到勤'),
(13, 1601, '2019-06-13', '07:50:00', '到勤'),
(14, 1601, '2019-06-14', '07:50:00', '到勤'),
(15, 1601, '2019-06-15', '07:50:00', '到勤'),
(16, 1601, '2019-06-16', '07:50:00', '到勤'),
(17, 1601, '2019-06-17', '07:53:00', '到勤'),
(18, 1601, '2019-06-18', '07:53:00', '到勤'),
(19, 1601, '2019-06-19', '07:53:00', '到勤'),
(20, 1601, '2019-06-20', '07:53:00', '到勤'),
(21, 1601, '2019-06-21', '07:53:00', '到勤'),
(22, 1601, '2019-06-22', '07:53:00', '到勤'),
(23, 1601, '2019-06-23', '07:53:00', '到勤'),
(28, 1601, '2019-06-28', '07:50:00', '到勤'),
(29, 1601, '2019-06-29', '07:50:00', '到勤'),
(30, 1601, '2019-06-30', '07:50:00', '到勤'),
(60, 1635, '2019-06-30', '07:45:00', '到勤'),
(59, 1635, '2019-06-29', '07:45:00', '到勤'),
(58, 1635, '2019-06-28', '07:45:00', '到勤'),
(57, 1635, '2019-06-27', '07:45:00', '到勤'),
(56, 1635, '2019-06-26', '07:45:00', '到勤'),
(55, 1635, '2019-06-25', '07:45:00', '到勤'),
(54, 1635, '2019-06-24', '07:45:00', '到勤'),
(53, 1635, '2019-06-23', '07:45:00', '到勤'),
(52, 1635, '2019-06-22', '07:45:00', '到勤'),
(51, 1635, '2019-06-21', '07:45:00', '到勤'),
(50, 1635, '2019-06-20', '08:15:00', '旷工'),
(49, 1635, '2019-06-19', '07:45:00', '到勤'),
(48, 1635, '2019-06-18', '07:45:00', '到勤'),
(47, 1635, '2019-06-17', '07:45:00', '到勤'),
(46, 1635, '2019-06-16', '07:45:00', '到勤'),
(45, 1635, '2019-06-15', '07:45:00', '到勤'),
(44, 1635, '2019-06-14', '08:03:00', '迟到'),
(43, 1635, '2019-06-13', '07:45:00', '到勤'),
(42, 1635, '2019-06-12', '07:45:00', '到勤'),
(41, 1635, '2019-06-11', '07:45:00', '到勤'),
(40, 1635, '2019-06-10', '07:45:00', '到勤'),
(39, 1635, '2019-06-09', '07:45:00', '到勤'),
(38, 1635, '2019-06-08', '07:45:00', '到勤'),
(37, 1635, '2019-06-07', '07:45:00', '到勤'),
(36, 1635, '2019-06-06', '07:45:00', '到勤'),
(35, 1635, '2019-06-05', '07:45:00', '到勤'),
(34, 1635, '2019-06-04', '07:45:00', '到勤'),
(33, 1635, '2019-06-03', '07:45:00', '到勤'),
(31, 1635, '2019-06-01', '07:45:00', '到勤'),
(32, 1635, '2019-06-02', '07:45:00', '到勤');

-- --------------------------------------------------------

--
-- 表的结构 `w_offsign`
--

DROP TABLE IF EXISTS `w_offsign`;
CREATE TABLE IF NOT EXISTS `w_offsign` (
  `id` int(10) NOT NULL AUTO_INCREMENT,
  `empno` int(11) NOT NULL,
  `signdate` date DEFAULT NULL,
  `signtime` time NOT NULL,
  `status` varchar(10) DEFAULT NULL,
  PRIMARY KEY (`id`),
  KEY `empno` (`empno`)
) ENGINE=MyISAM AUTO_INCREMENT=78 DEFAULT CHARSET=utf8;

--
-- 转存表中的数据 `w_offsign`
--

INSERT INTO `w_offsign` (`id`, `empno`, `signdate`, `signtime`, `status`) VALUES
(3, 1601, '2019-06-03', '18:10:00', '到勤'),
(2, 1601, '2019-06-02', '18:10:00', '到勤'),
(1, 1601, '2019-06-01', '18:10:00', '到勤'),
(12, 1601, '2019-06-12', '18:10:00', '到勤'),
(4, 1601, '2019-06-04', '18:10:00', '到勤'),
(5, 1601, '2019-06-05', '18:10:00', '到勤'),
(6, 1601, '2019-06-06', '17:58:00', '早退'),
(7, 1601, '2019-06-07', '17:58:00', '早退'),
(8, 1601, '2019-06-08', '17:58:00', '早退'),
(9, 1601, '2019-06-09', '18:10:00', '到勤'),
(10, 1601, '2019-06-10', '18:10:00', '到勤'),
(11, 1601, '2019-06-11', '18:10:00', '到勤'),
(13, 1601, '2019-06-13', '17:10:00', '旷工'),
(14, 1601, '2019-06-14', '18:10:00', '到勤'),
(15, 1601, '2019-06-15', '18:10:00', '到勤'),
(16, 1601, '2019-06-16', '18:10:00', '到勤'),
(17, 1601, '2019-06-17', '18:10:00', '到勤'),
(18, 1601, '2019-06-18', '18:10:00', '到勤'),
(19, 1601, '2019-06-19', '18:10:00', '到勤'),
(20, 1601, '2019-06-20', '18:10:00', '到勤'),
(21, 1601, '2019-06-21', '18:10:00', '到勤'),
(22, 1601, '2019-06-22', '18:10:00', '到勤'),
(23, 1601, '2019-06-23', '18:10:00', '到勤'),
(24, 1601, '2019-06-24', '18:10:00', '到勤'),
(25, 1601, '2019-06-25', '18:10:00', '到勤'),
(26, 1601, '2019-06-26', '18:10:00', '到勤'),
(27, 1601, '2019-06-27', '18:10:00', '到勤'),
(28, 1601, '2019-06-28', '18:10:00', '到勤'),
(29, 1601, '2019-06-29', '18:10:00', '到勤'),
(30, 1601, '2019-06-30', '18:10:00', '到勤'),
(60, 1635, '2019-06-30', '18:10:00', '到勤'),
(59, 1635, '2019-06-29', '18:10:00', '到勤'),
(58, 1635, '2019-06-28', '18:10:00', '到勤'),
(57, 1635, '2019-06-27', '18:10:00', '到勤'),
(56, 1635, '2019-06-26', '18:10:00', '到勤'),
(55, 1635, '2019-06-25', '18:10:00', '到勤'),
(54, 1635, '2019-06-24', '18:10:00', '到勤'),
(53, 1635, '2019-06-23', '18:10:00', '到勤'),
(52, 1635, '2019-06-22', '18:10:00', '到勤'),
(51, 1635, '2019-06-21', '18:10:00', '到勤'),
(50, 1635, '2019-06-20', '18:10:00', '到勤'),
(49, 1635, '2019-06-19', '18:10:00', '到勤'),
(48, 1635, '2019-06-18', '18:10:00', '到勤'),
(47, 1635, '2019-06-17', '18:10:00', '到勤'),
(46, 1635, '2019-06-16', '18:10:00', '到勤'),
(45, 1635, '2019-06-15', '18:10:00', '到勤'),
(44, 1635, '2019-06-14', '18:10:00', '到勤'),
(43, 1635, '2019-06-13', '17:10:00', '旷工'),
(42, 1635, '2019-06-12', '18:10:00', '到勤'),
(41, 1635, '2019-06-11', '18:10:00', '到勤'),
(40, 1635, '2019-06-10', '18:10:00', '到勤'),
(39, 1635, '2019-06-09', '17:58:00', '早退'),
(38, 1635, '2019-06-08', '17:58:00', '早退'),
(37, 1635, '2019-06-07', '17:58:00', '早退'),
(36, 1635, '2019-06-06', '18:10:00', '到勤'),
(35, 1635, '2019-06-05', '18:10:00', '到勤'),
(34, 1635, '2019-06-04', '18:10:00', '到勤'),
(33, 1635, '2019-06-03', '18:10:00', '到勤'),
(32, 1635, '2019-06-02', '18:10:00', '到勤'),
(31, 1635, '2019-06-01', '18:10:00', '到勤');

-- --------------------------------------------------------

--
-- 表的结构 `w_time`
--

DROP TABLE IF EXISTS `w_time`;
CREATE TABLE IF NOT EXISTS `w_time` (
  `starttime` time NOT NULL,
  `offtime` time NOT NULL,
  PRIMARY KEY (`starttime`,`offtime`)
) ENGINE=InnoDB DEFAULT CHARSET=utf8;

--
-- 转存表中的数据 `w_time`
--

INSERT INTO `w_time` (`starttime`, `offtime`) VALUES
('08:00:00', '18:00:00');

-- --------------------------------------------------------

--
-- 表的结构 `w_user`
--

DROP TABLE IF EXISTS `w_user`;
CREATE TABLE IF NOT EXISTS `w_user` (
  `id` int(11) NOT NULL AUTO_INCREMENT,
  `u_username` varchar(10) NOT NULL,
  `u_password` char(32) NOT NULL,
  PRIMARY KEY (`id`),
  UNIQUE KEY `u_username` (`u_username`)
) ENGINE=MyISAM AUTO_INCREMENT=7 DEFAULT CHARSET=utf8;

--
-- 转存表中的数据 `w_user`
--

INSERT INTO `w_user` (`id`, `u_username`, `u_password`) VALUES
(1, 'admin', '21232f297a57a5a743894a0e4a801fc3');
COMMIT;

/*!40101 SET CHARACTER_SET_CLIENT=@OLD_CHARACTER_SET_CLIENT */;
/*!40101 SET CHARACTER_SET_RESULTS=@OLD_CHARACTER_SET_RESULTS */;
/*!40101 SET COLLATION_CONNECTION=@OLD_COLLATION_CONNECTION */;
